报表日期,20171231,20161231,20151231,20141231,20131231,20121231,20111231,20101231,20091231,20081231,20071231,20061231,20051231,20041231,20031231,20021231,20011231,20001231,19991231,19981231,19971231,19700101
单位,元,元,元,元,元,元,元,元,元,元,元,元,元,元,元,元,元,元,元,元,元,
流动资产,,,,,,,,,,,,,,,,,,,,,,
货币资金,4094626527.87,3207178708.85,3920162634.80,3228351620.73,3265278460.32,2338063281.01,3153353084.15,2055789047.39,2333646828.67,2115446717.02,2050730201.34,1161287711.32,1439263343.44,1103504608.08,653458516.24,1446441502.49,1910765542.15,1709418115.26,169959713.61,29505227.30,17230522.27,0.0
交易性金融资产,0,80076202.01,120593642.49,88266304.29,6170653.22,9460137.47,10753826.95,10052705.49,25586340.17,133695663.35,179985426.42,495614462.73,34404574.40,0,0,0,0,0,0,2000000.00,0,0.0
衍生金融资产,0,0,0,0,0,0,0,0,0,0,0,0,0,0,0,0,0,0,0,0,0,0.0
应收票据,38072082.58,41020455.79,10464000.00,10680448.19,2763160.00,1985116.87,4746550.00,1000000.00,0,20000.00,535361.50,564090.00,20000.00,0,0,0,0,0,0,0,0,0.0
应收账款,2281047068.67,2059846424.20,1362184513.65,833123392.21,1367470331.70,1147184943.42,759414407.27,586946823.35,454193048.24,150871244.61,106667108.88,73996435.74,30771112.31,16844939.91,4180351.31,3749482.34,3053040.99,2556587.23,1609976.05,2761824.22,5227592.43,0.0
预付款项,136158276.24,4272685274.89,2179437209.00,1465684594.44,1654872517.65,1244593412.32,1556301815.62,1369606945.87,1391421700.77,939790008.81,628003329.81,774072384.67,224509972.43,105399679.98,601301.00,1000819500.00,0,1000750000.00,0,0,0,0.0
应收利息,0,7100259.06,0,2131800.00,2188800.00,0,0,0,0,0,0,0,0,0,0,0,0,0,0,0,0,0.0
应收股利,2205989.65,2205989.65,4411979.30,4411979.30,0,20000000.00,20000000.00,20000000.00,40000000.00,20000000.00,0,0,0,0,0,0,0,0,0,0,0,0.0
其他应收款,1191184985.01,900511619.40,1149027089.40,1947891874.31,861065622.49,813918380.55,645173407.73,545536516.91,564008339.67,414972219.93,339139197.44,102200337.47,63800304.88,23908559.96,7496966.86,8765303.18,4354088.75,7735821.54,6907197.96,11963144.89,5544262.65,0.0
买入返售金融资产,0,0,0,0,0,0,0,0,0,0,0,0,0,0,0,0,0,0,0,0,0,0.0
存货,651633327.04,1192797113.26,3907268407.18,3489007250.88,2528620002.68,3967746927.20,2123124805.70,1898903077.49,688572065.42,436395084.25,109943877.34,74240765.96,30326973.23,15693307.15,5993969.56,6280795.56,6743342.45,6492468.92,7804277.33,6885562.78,9846340.48,0.0
划分为持有待售的资产,0,10823471.21,245522004.99,0,0,0,0,0,0,0,0,0,0,0,0,0,0,0,0,0,0,0.0
一年内到期的非流动资产,55547880.00,77371862.48,71877938.75,54128308.43,20045136.61,25364822.62,7557334.02,5000000.00,5000000.00,0,0,0,0,0,0,0,0,0,0,0,0,0.0
待摊费用,0,0,0,0,0,0,0,0,0,0,0,2806184.94,406564.11,108414.40,291060.45,164499.24,133466.73,464897.93,324896.61,88532.83,0,0.0
待处理流动资产损益,0,0,0,0,0,0,0,0,0,0,0,0,0,0,0,0,0,0,0,0,0,0.0
其他流动资产,883972119.26,1465817305.86,1102843736.45,184013980.92,0,0,0,0,0,0,0,0,0,0,0,0,0,0,0,0,0,0.0
流动资产合计,9334448256.32,13317434686.66,14073793156.01,11307691553.70,9708474684.67,9568317021.46,8280425231.44,6492835116.50,5502428322.94,4211190937.97,3415004502.73,2684782372.83,1823502844.80,1265459509.48,672022165.42,2466221082.81,1925049481.07,2727417890.88,186180202.86,52468043.56,37310125.08,0.0
非流动资产,,,,,,,,,,,,,,,,,,,,,,
发放贷款及垫款,0,0,0,0,0,0,0,0,0,0,0,0,0,0,0,0,0,0,0,0,0,0.0
可供出售金融资产,206892607.28,216666092.76,192563246.39,85716529.73,56720022.94,69498003.79,163618973.16,2403900.64,4101545.80,2079586.32,6851994.16,0,0,0,0,0,0,0,0,0,0,0.0
持有至到期投资,0,0,0,0,489500000.00,595639546.58,482143900.00,362971000.00,362500000.00,462500000.00,562500000.00,0,0,0,0,0,0,0,0,0,0,0.0
长期应收款,2246836919.83,1597338875.16,1298145310.58,1441051806.89,771474110.30,124487280.00,35000000.00,40000000.00,45000000.00,0,0,0,0,0,0,0,0,0,0,0,0,0.0
长期股权投资,2417565580.23,1925044149.04,1611694558.61,1248110063.73,1504870385.52,1383394102.55,1152971468.96,1103114113.20,1049823382.11,1106282279.31,1205174640.64,2237366040.02,4105953532.84,4152323245.75,2970886230.48,1052430545.41,772342100.00,785914000.00,0,0,0,0.0
投资性房地产,0,0,0,0,0,0,0,0,0,0,0,0,0,0,0,0,0,0,0,0,0,0.0
固定资产净额,4897764852.82,4804241662.84,4648469498.58,2926034546.66,4629329922.23,3818127822.70,3941920612.65,3925404974.97,3565387182.47,3601374299.90,5228013833.21,5254307579.02,2202720719.81,1569711909.28,1396044885.31,2275862528.90,2296116427.75,1362409284.71,1388097741.07,1366822876.43,1390905464.82,0.0
在建工程,10932494898.36,1444467915.53,973645974.89,708396256.90,686498934.03,326183559.01,125019048.65,228603588.61,241940440.81,203416436.85,143839356.19,230842881.97,120333202.22,63720590.96,16292078.79,76142255.52,25999808.16,1489115.00,1300420.00,3602361.41,912705.85,0.0
工程物资,0,0,299504.50,0,0,118604.85,209911.80,228884.32,2783036.10,2646822.28,2201140.68,281705.94,17052310.93,0,0,0,0,0,0,0,0,0.0
固定资产清理,0,0,0,0,0,0,0,0,0,0,0,0,0,0,0,0,0,0,0,0,0,0.0
生产性生物资产,0,0,0,0,0,0,0,0,0,0,0,0,0,0,0,0,0,0,0,0,0,0.0
公益性生物资产,0,0,0,0,0,0,0,0,0,0,0,0,0,0,0,0,0,0,0,0,0,0.0
油气资产,0,0,0,0,0,0,0,0,0,0,0,0,0,0,0,0,0,0,0,0,0,0.0
无形资产,17259864829.64,12903828919.09,10254056210.39,6846000789.86,6036486427.04,5162615318.20,4763525453.93,4598676824.05,3584155717.39,3206200135.73,834633227.68,627946328.46,102582549.98,104168992.55,106624716.44,109511390.80,112498065.16,115484739.52,118471417.88,0,0,0.0
开发支出,4061881.94,3412638.60,4300762.79,2808509.13,0,0,0,0,0,0,0,0,0,0,0,0,0,0,0,0,0,0.0
商誉,2854336295.90,3000684634.20,2683212306.68,325683332.52,290474815.45,40015660.82,41995660.82,41995660.82,43789375.42,43789375.42,41809375.42,0,0,0,0,0,0,0,0,0,0,0.0
长期待摊费用,25120596.48,23248559.75,25266543.72,38639814.87,42359517.01,13460449.37,5969030.77,11456825.70,14792998.74,36871740.00,16064210.54,16737154.39,1319179.79,1749571.17,1162532.22,1778041.22,1947460.22,4193262.64,2546579.00,0,0,0.0
递延所得税资产,146300241.32,127862607.17,107352709.83,42890213.95,46443106.17,43124024.49,30761899.81,33357075.31,28481010.29,26589674.35,22568461.06,0,0,0,0,0,0,0,0,0,0,0.0
其他非流动资产,668621437.57,270883234.34,252400459.81,201368959.73,64000000.00,810000000.00,0,0,0,0,0,0,0,0,0,0,0,0,0,0,0,0.0
非流动资产合计,41659860141.37,26317679288.48,22051407086.77,13866700823.97,14618157240.69,12386664372.36,10743135960.55,10348212847.62,8942754689.13,8691750350.16,8063656239.58,8367481689.80,6549961495.57,5891674309.71,4491010443.24,3515724761.85,3208903861.29,2269490401.87,1511802597.79,1370425237.84,1391818170.67,0.0
资产总计,50994308397.69,39635113975.14,36125200242.78,25174392377.67,24326631925.36,21954981393.82,19023561191.99,16841047964.12,14445183012.07,12902941288.13,11478660742.31,11052264062.63,8373464340.37,7157133819.19,5163032608.66,5981945844.66,5133953342.36,4996908292.75,1697982800.65,1422893281.40,1429128295.75,0.0
流动负债,,,,,,,,,,,,,,,,,,,,,,
短期借款,5248484368.00,1017619835.00,2765269322.40,3408834365.10,2480332080.00,2817940000.00,1337860000.00,803542971.09,1418458240.00,1415172838.27,1955710400.00,1642000000.00,550500000.00,1500000000.00,480000000.00,1300000000.00,550000000.00,400000000.00,45000000.00,20000000.00,20000000.00,0.0
交易性金融负债,0,0,0,0,0,0,0,0,0,0,0,0,0,0,0,0,0,0,0,0,0,0.0
应付票据,0,359274.87,23566571.45,4640274.87,35000000.00,581204.41,0,20056559.24,0,0,0,0,0,0,0,0,0,0,0,0,0,0.0
应付账款,4067728582.15,1912483145.37,1353736805.59,869128696.27,748850334.71,1141967008.19,750729446.59,1041525569.61,343415804.82,278376759.12,95350384.67,103739175.58,51498778.66,16023436.86,3683148.74,2818883.18,2997571.97,2548627.43,2831804.97,4553634.67,3314528.95,0.0
预收款项,1234086252.60,1201926956.65,1152989327.71,927152844.17,885820809.55,854070688.08,775858429.00,845723722.20,320160409.79,174812514.55,163645344.89,130283996.37,40524514.00,23350727.61,10577879.04,5725156.72,7250881.03,5272798.25,4705037.95,0,0,0.0
应付手续费及佣金,0,0,0,0,0,0,0,0,0,0,0,0,0,0,0,0,0,0,0,0,0,0.0
应付职工薪酬,200423713.14,178598447.83,121908373.25,92368842.79,123627887.92,134522135.01,132150827.95,117059973.16,84892056.04,83050811.12,85673973.57,21106559.12,18818457.28,14779336.59,13975287.70,15263345.43,16998049.29,11282112.03,7667298.44,4328075.73,4296527.59,0.0
应交税费,374687351.46,326445698.88,222471040.90,186138437.69,192423724.01,139796458.18,124119215.62,115541124.82,112157709.58,40171631.66,37963049.54,-8951012.84,30638491.39,21189477.27,5079518.36,9228828.70,5248375.35,18007445.05,4192215.58,4217753.36,4721620.99,0.0
应付利息,58787828.55,87876087.64,196577192.70,87444180.24,119446614.65,75398546.65,72937882.35,23097010.68,2344943.93,1021271.74,1824433.52,0,0,0,0,0,0,0,0,0,0,0.0
应付股利,22050182.42,59048988.41,151864648.63,21960066.10,45831077.33,37495158.56,41738444.80,23890580.54,17788981.31,4651009.39,1847181.46,171858.98,491692.94,28185.98,28185.68,28185.68,347516485.68,367400000.00,0,0,0,0.0
其他应付款,1941093714.85,1529281281.27,1359729353.45,1249041666.88,1018405012.92,1082731444.41,986731313.46,967447218.64,1237483352.65,566742332.80,412404494.56,400493688.51,289368124.47,81440687.61,32203408.77,13506603.08,17741569.52,2298486.69,110354740.90,26880112.08,31141817.17,0.0
预提费用,0,0,0,0,0,0,0,0,0,0,0,4481896.78,676254.58,6978866.91,10089793.26,10996366.23,16269200.62,950000.00,734630.60,0,0,0.0
一年内的递延收益,0,0,0,0,0,0,0,0,0,0,0,0,0,0,0,0,0,0,0,0,0,0.0
应付短期债券,0,0,0,0,0,0,0,0,0,0,0,0,977357808.22,0,0,0,0,0,0,0,0,0.0
一年内到期的非流动负债,4674746007.57,2955601511.26,2997972541.68,841986058.60,1871828678.63,902214153.79,453080113.80,483108979.87,332202730.71,49527560.00,0,2450000.00,0,0,0,0,0,0,0,0,0,0.0
其他流动负债,544021315.28,1500000000.00,1000000000.00,0,1871782.37,2081981.80,1434315.13,801344315.13,0,816981917.80,822446666.68,0,0,0,0,0,0,0,0,0,0,0.0
流动负债合计,18366109316.02,10769241227.18,11491009549.62,7688695432.71,7523438002.09,7188798779.08,4676639988.70,5242338024.98,3868904228.83,3430508646.45,3576865928.89,2296532538.99,1960102065.59,1663935057.04,555709411.96,1357606658.16,964049732.83,807799738.09,176626585.61,60047864.58,63610024.91,0.0
非流动负债,,,,,,,,,,,,,,,,,,,,,,
长期借款,10840661029.88,11241323394.06,8193208927.81,4630345650.41,4041206568.84,2785942644.45,3272850906.36,3112370682.10,2642328245.30,1823201056.13,583368651.38,1600917704.49,1617719335.55,1109114420.75,87000000.00,180000000.00,230000000.00,330000000.00,390000000.00,415000000.00,420000000.00,0.0
应付债券,1653420000.00,1693700000.00,2849360000.00,4111808128.50,1909603430.50,2000000000.00,2000000000.00,0,0,0,0,0,0,0,0,0,0,0,0,0,0,0.0
长期应付款,1006075616.43,707571056.40,540200945.51,150274013.12,225311169.87,394899055.87,137732203.51,113150385.51,69432211.79,76841299.79,71590913.00,78107222.00,9093075.00,0,0,0,0,0,0,0,0,0.0
长期应付职工薪酬,2222239.10,3097968.88,4176467.30,5397565.24,0,0,0,0,0,0,0,0,0,0,0,0,0,0,0,0,0,0.0
专项应付款,115634563.99,102820063.14,102172088.16,152340892.55,89642705.00,71281863.07,74634063.26,57395122.16,27593796.21,22864137.91,17015860.89,16004840.64,15628078.97,0,0,0,0,0,0,0,0,0.0
预计非流动负债,1378635429.29,1039764255.93,722608482.60,512951917.50,548485145.38,526098728.33,464107208.97,365532004.21,317078545.29,315291179.59,0,0,0,0,0,0,0,0,0,0,0,0.0
递延所得税负债,357456588.33,332704439.52,319222653.89,30205337.14,35581420.25,17747287.83,17010624.44,8507117.08,7539004.92,5489648.40,3650251.85,0,0,0,0,0,0,0,0,0,0,0.0
长期递延收益,139930882.17,130143333.24,102930255.78,91122021.10,0,0,0,0,0,0,0,0,0,0,0,0,0,0,0,0,0,0.0
其他非流动负债,0,0,0,0,112984346.48,56753633.06,24615781.53,25202596.66,25691226.92,26341542.05,14198303.33,0,0,0,0,0,0,9435085.43,0,0,0,0.0
非流动负债合计,15494036349.19,15251124511.17,12833879821.05,9684445525.56,6962814786.32,5852723212.61,5990950788.07,3682157907.72,3089663030.43,2270028863.87,689823980.45,1695029767.13,1642440489.52,1109114420.75,87000000.00,180000000.00,230000000.00,339435085.43,390000000.00,415000000.00,420000000.00,0.0
负债合计,33860145665.21,26020365738.35,24324889370.67,17373140958.27,14486252788.41,13041521991.69,10667590776.77,8924495932.70,6958567259.26,5700537510.32,4266689909.34,3991562306.12,3602542555.11,2773049477.79,642709411.96,1537606658.16,1194049732.83,1147234823.52,566626585.61,475047864.58,483610024.91,0.0
所有者权益,,,,,,,,,,,,,,,,,,,,,,
实收资本(或股本),4820614124.00,4820614124.00,2410307062.00,2200000000.00,2200000000.00,2200000000.00,2200000000.00,2200000000.00,2200000000.00,2200000000.00,2200000000.00,2200000000.00,2200000000.00,1100000000.00,1100000000.00,1100000000.00,1100000000.00,1100000000.00,800000000.00,948812225.49,946285711.24,0.0
资本公积,607643405.52,607588336.13,2943442877.97,1565567773.79,1650987977.13,1677622902.59,1664835412.11,1634824705.86,1620902528.12,1617115861.55,1668653973.83,1605549269.02,1604984789.43,2703617825.10,2707338493.99,2679790908.92,2683723722.43,2679509351.52,312417318.30,0,0,0.0
减：库存股,0,0,0,0,0,0,0,0,0,0,0,0,0,0,0,0,0,0,0,0,0,0.0
其他综合收益,-268435109.84,-465443850.73,-388311601.88,82900402.95,0,0,0,0,0,0,0,0,0,0,0,0,0,0,0,0,0,0.0
专项储备,0,0,0,0,0,0,0,0,0,0,0,0,0,0,0,0,0,0,0,0,0,0.0
盈余公积,892413081.58,835256946.55,784962553.85,737544870.20,658756359.03,619591694.15,580316232.58,545504658.19,514315537.00,486050602.91,459175003.41,437935957.50,382382606.18,308279310.54,283711136.46,223112609.45,154035045.30,81732679.89,18938896.74,0,0,0.0
一般风险准备,0,0,0,0,0,0,0,0,0,0,0,0,0,0,0,0,0,0,0,0,0,0.0
未分配利润,2026897778.11,1939994236.54,1785445758.88,1661316214.78,1459872366.25,1227771573.11,971738123.78,769678523.11,582199197.53,405010217.13,520865226.66,385103361.31,409731483.61,134292970.60,351501992.27,393584371.96,2144841.80,-11568562.18,0,-966808.67,-767440.40,0.0
归属于母公司股东权益合计,12479133279.37,9738009792.49,8535846650.82,6247329261.72,6093117164.29,5703248841.97,5390675150.50,5130499276.68,4900459235.05,4691059687.32,4837993064.15,4629024855.20,4597287708.86,4246700817.04,4442551622.72,4396487890.33,3939903609.53,3849673469.23,1131356215.04,947845416.82,945518270.84,0.0
少数股东权益,4655029453.11,3876738444.30,3264464221.29,1553922157.68,3747261972.66,3210210560.16,2965295264.72,2786052754.74,2586156517.76,2511344090.49,2373977768.82,2431676901.31,173634076.40,137383524.36,77771573.98,47851296.17,0,0,0,0,0,0.0
所有者权益(或股东权益)合计,17134162732.48,13614748236.79,11800310872.11,7801251419.40,9840379136.95,8913459402.13,8355970415.22,7916552031.42,7486615752.81,7202403777.81,7211970832.97,7060701756.51,4770921785.26,4384084341.40,4520323196.70,4444339186.50,3939903609.53,3849673469.23,1131356215.04,947845416.82,945518270.84,0.0
负债和所有者权益(或股东权益)总计,50994308397.69,39635113975.14,36125200242.78,25174392377.67,24326631925.36,21954981393.82,19023561191.99,16841047964.12,14445183012.07,12902941288.13,11478660742.31,11052264062.63,8373464340.37,7157133819.19,5163032608.66,5981945844.66,5133953342.36,4996908292.75,1697982800.65,1422893281.40,1429128295.75,0.0
单位,元,元,元,元,元,元,元,元,元,元,元,元,元,元,元,元,元,元,元,,,
一、经营活动产生的现金流量,,,,,,,,,,,,,,,,,,,,,,
销售商品、提供劳务收到的现金,8229117172.10,9225610728.73,6239661294.08,3703510469.01,3903016622.73,3311748114.95,3328115944.49,3504617685.32,2248747238.20,1673135869.00,1444038294.00,1379600534.83,524226061.09,337830200.56,239673816.01,199570575.96,177879020.07,166554377.99,61044014.60,,,0.0
收到的税费返还,121420092.20,99898359.62,39487781.54,79527.66,1891698.30,75213.47,0,0,0,0,34500401.41,2526144.89,19662217.79,0,0,9920600.00,14588700.00,0,0,,,0.0
收到的其他与经营活动有关的现金,870138397.51,722329554.50,493014358.84,606857724.72,456792210.63,800450763.43,346517765.06,501129495.31,891958805.87,513279174.03,558106242.55,444244869.04,445104887.86,445608779.79,443382706.35,442201506.07,456661241.98,361626073.05,120338602.56,,,0.0
经营活动现金流入小计,9220675661.81,10047838642.85,6772163434.46,4310447721.39,4361700531.66,4112274091.85,3674633709.55,4005747180.63,3140706044.07,2186415043.03,2036644937.96,1826371548.76,988993166.74,783438980.35,683056522.36,651692682.03,649128962.05,528180451.04,181382617.16,,,0.0
购买商品、接受劳务支付的现金,3162710390.88,3374836502.25,2649040994.17,2165989894.67,2372128999.82,2448940936.69,1826596506.85,2298535057.91,1381217671.00,995352546.94,419161453.32,382032000.33,159371110.33,57848277.25,18682408.36,16970399.22,38498736.34,39871772.98,8025183.14,,,0.0
支付给职工以及为职工支付的现金,1726350610.69,1537435217.23,1492547515.90,729391142.25,768667697.58,647870582.43,555300073.28,497531653.11,398187814.60,335443279.18,279513893.46,208041128.74,111098045.96,60129849.10,42775107.38,40703226.89,34462409.54,28377763.74,7495493.92,,,0.0
支付的各项税费,922868867.39,1007883604.91,584949455.51,414678902.34,424610263.05,349463894.30,320748310.63,306012062.83,185548582.91,142133045.96,105223709.21,114853194.98,64084650.64,36488090.83,34696902.15,25234168.48,45669072.70,27422618.64,3252696.15,,,0.0
支付的其他与经营活动有关的现金,919487859.77,1169489948.34,1038900203.15,658453132.66,689394959.68,600434579.40,440718947.85,249729607.56,348714888.57,364427886.85,516769201.51,212308026.86,93291916.92,84727736.12,74006686.01,51085495.74,40413855.61,18425727.30,17293661.92,,,0.0
经营活动现金流出小计,6731417728.73,7089645272.73,5765438168.73,3968513071.92,4254801920.13,4046709992.82,3143363838.61,3351808381.41,2313668957.08,1837356758.93,1320668257.50,917234350.91,427845723.85,239193953.30,170161103.90,133993290.33,159044074.19,114097882.66,36067035.13,,,0.0
经营活动产生的现金流量净额,2489257933.08,2958193370.12,1006725265.73,341934649.47,106898611.53,65564099.03,531269870.94,653938799.22,827037086.99,349058284.10,715976680.46,909137197.85,561147442.89,544245027.05,512895418.46,517699391.70,490084887.86,414082568.38,145315582.03,,,0.0
二、投资活动产生的现金流量,,,,,,,,,,,,,,,,,,,,,,
收回投资所收到的现金,1292356197.31,697818620.73,321434042.79,1442057971.92,444247880.00,468862040.08,420416641.60,507127351.14,507930815.48,553416819.51,1112819188.90,630535340.57,152032761.45,400000000.00,0,0,432099753.66,0,2000000.00,,,0.0
取得投资收益所收到的现金,161943016.76,195812634.18,173047785.22,88126396.10,648744950.12,35569300.41,43463259.24,78262446.99,27029927.61,74735940.99,187135421.49,47592831.63,49302368.34,71392166.88,13350000.00,22550000.00,33985518.74,0,45500.00,,,0.0
处置固定资产、无形资产和其他长期资产所收回的现金净额,268049396.89,5308850.02,11597262.14,632252.31,39540687.31,9886046.72,471434.24,14238780.99,781129.36,1480140.38,488699.83,532082.50,425854.95,50343.88,720.00,125000.00,315000.00,0,83983.10,,,0.0
处置子公司及其他营业单位收到的现金净额,0,0,1135540500.00,0,600934833.69,0,0,0,0,0,0,0,0,0,0,0,0,0,0,,,0.0
收到的其他与投资活动有关的现金,103241066.63,622921374.02,105784897.01,71440970.96,1137727053.17,70767178.48,59904176.07,25319414.26,13774102.60,23983734.64,17807761.54,14035793.59,13472187.84,6884890.50,1021316932.91,28884339.12,33573094.93,50445131.80,0,,,0.0
投资活动现金流入小计,1825589677.59,1521861478.95,1747404487.16,1602257591.29,2871195404.29,585084565.69,524255511.15,624947993.38,549515975.05,653616635.52,1318251071.76,692696048.29,215233172.58,478327401.26,1034667652.91,51559339.12,499973367.33,50445131.80,2129483.10,,,0.0
购建固定资产、无形资产和其他长期资产所支付的现金,7449826819.79,4462251282.77,2467037222.15,1705134467.31,1413396279.54,892804359.58,505721599.28,922190001.34,516661719.99,582612792.95,389141167.44,609899692.92,349018347.69,288298292.46,30237370.29,53133980.88,31059052.97,6855743.62,6556858.48,,,0.0
投资所支付的现金,653729620.92,792713994.31,1031809819.77,533501016.51,580190223.35,1513791355.35,749090411.69,689704448.46,461802535.25,484856001.93,1110313164.73,656225295.88,107127902.68,1911760086.51,1007874550.00,1277931610.00,419185753.66,1785914000.00,0,,,0.0
取得子公司及其他营业单位支付的现金净额,534827600.55,102902114.06,3360939835.26,43583092.74,0,41908059.55,68898602.47,29857973.88,0,0,30771734.78,0,0,0,0,0,0,0,0,,,0.0
支付的其他与投资活动有关的现金,207377894.48,51871900.82,500000000.00,123115372.71,128383809.85,0,0,0,0,0,0,0,0,17798724.00,0,0,0,0,0,,,0.0
投资活动现金流出小计,8845761935.74,5409739291.96,7359786877.18,2405333949.27,2121970312.74,2448503774.48,1323710613.44,1641752423.68,978464255.24,1067468794.88,1530226066.95,1266124988.80,456146250.37,2217857102.97,1038111920.29,1331065590.88,450244806.63,1792769743.62,6556858.48,,,0.0
投资活动产生的现金流量净额,-7020172258.15,-3887877813.01,-5612382390.02,-803076357.98,749225091.55,-1863419208.79,-799455102.29,-1016804430.30,-428948280.19,-413852159.36,-211974995.19,-573428940.51,-240913077.79,-1739529701.71,-3444267.38,-1279506251.76,49728560.70,-1742324611.82,-4427375.38,,,0.0
三、筹资活动产生的现金流量,,,,,,,,,,,,,,,,,,,,,,
吸收投资收到的现金,3220013928.49,1552534469.00,3952716828.76,24800000.00,19431662.75,84897755.00,76400000.00,58400000.00,55600000.00,64857600.00,7322500.00,0,4000000.00,10931991.66,18250344.00,0,0,2694000000.00,0,,,0.0
其中：子公司吸收少数股东投资收到的现金,820013928.49,552534469.00,898016833.02,24800000.00,7431662.75,60897755.00,9500000.00,33400000.00,55600000.00,64857600.00,7322500.00,0,0,0,0,0,0,0,0,,,0.0
取得借款收到的现金,12479433139.95,8438625707.08,8731398300.98,7562733375.42,6517653992.57,4743303379.00,3265404595.52,1822040646.09,4899120799.16,5871858862.32,3803600000.00,2098000000.00,3544500000.00,4879996920.75,1620000000.00,5450000000.00,150000000.00,400000000.00,25000000.00,,,0.0
发行债券收到的现金,1500000000.00,3000000000.00,1624664480.00,2197909360.50,1110735601.70,0,2000000000.00,800000000.00,0,0,0,0,0,0,0,0,0,0,0,,,0.0
收到其他与筹资活动有关的现金,97985409.30,67609096.40,19452325.67,38536275.41,8522163.23,37388483.66,14657388.92,28528781.70,8780000.00,5681667.00,0,4700000.00,10980282.42,0,0,0,0,11166766.06,184204.88,,,0.0
筹资活动现金流入小计,17297432477.74,13058769272.48,14328231935.41,9823979011.33,7656343420.25,4865589617.66,5356461984.44,2708969427.79,4963500799.16,5942398129.32,3810922500.00,2102700000.00,3559480282.42,4890928912.41,1638250344.00,5450000000.00,150000000.00,3105166766.06,25184204.88,,,0.0
偿还债务支付的现金,9951550524.89,11646152698.15,8050947892.54,7866917345.28,6810870351.35,3042255061.20,3383466306.11,2083809864.48,4597095798.79,5124869586.29,2706353809.05,2115964388.94,3272012501.53,2840000000.00,2533000000.00,4750000000.00,100000000.00,105000000.00,25000000.00,,,0.0
分配股利、利润或偿付利息所支付的现金,1497957857.19,1578717909.88,1139919301.47,1298392573.24,965160511.07,786989196.96,591781599.91,549638843.45,541923980.07,679900594.52,621097525.03,592322857.41,269708476.25,471904554.22,407151133.43,401902951.76,386917039.31,132009454.00,1527845.00,,,0.0
其中：子公司支付给少数股东的股利、利润,92681571.82,282944785.38,471622745.31,316068951.46,23402314.82,18787082.39,750693.69,70375672.34,68914405.98,92080493.58,138860717.41,34297395.52,4720000.00,0,0,0,0,0,0,,,0.0
支付其他与筹资活动有关的现金,59598084.87,73287905.61,123724700.24,51073114.02,45874455.66,49564565.88,13153277.46,6722106.97,4494265.23,6859539.69,1501988.38,5157335.08,877500.81,3590335.75,533044.05,610519.93,1539345.07,456866.97,552248.90,,,0.0
筹资活动现金流出小计,11509106466.95,13298158513.64,9314591894.25,9216383032.54,7821905318.08,3878808824.04,3988401183.48,2640170814.90,5143514044.09,5811629720.50,3328953322.46,2713444581.43,3542598478.59,3315494889.97,2940684177.48,5152513471.69,488456384.38,237466320.97,27080093.90,,,0.0
筹资活动产生的现金流量净额,5788326010.79,-239389241.16,5013640041.16,607595978.79,-165561897.83,986780793.62,1368060800.96,68798612.89,-180013244.93,130768408.82,481969177.54,-610744581.43,16881803.83,1575434022.44,-1302433833.48,297486528.31,-338456384.38,2867700445.09,-1895889.02,,,0.0
四、汇率变动对现金及现金等价物的影响,-98862057.28,43420853.74,-20155850.61,888669.24,-3836887.82,359138.80,-4409457.29,-3275362.91,124549.78,-1258017.88,-2462057.99,-2939308.03,-1357433.57,-365755.94,-303.85,-3707.91,-9637.29,0,0,,,0.0
五、现金及现金等价物净增加额,1158549628.44,-1125652830.31,387827066.26,147342939.52,686724917.43,-810715177.34,1095466112.32,-297342381.10,218200111.65,64716515.68,983508804.82,-277975632.12,335758735.36,379783591.84,-792982986.25,-464324039.66,201347426.89,1539458401.65,138992317.63,,,0.0
加:期初现金及现金等价物余额,2688556529.83,3814209360.14,3426382293.88,3007780299.98,2321055382.55,3131770559.89,2036304447.57,2333646828.67,2115446717.02,2050730201.34,1067221396.52,1369000843.44,1033242108.08,653458516.24,1446441502.49,1910765542.15,1709418115.26,169959713.61,30967495.98,,,0.0
六、期末现金及现金等价物余额,3847106158.27,2688556529.83,3814209360.14,3155123239.50,3007780299.98,2321055382.55,3131770559.89,2036304447.57,2333646828.67,2115446717.02,2050730201.34,1091025211.32,1369000843.44,1033242108.08,653458516.24,1446441502.49,1910765542.15,1709418115.26,169959713.61,,,0.0
附注,,,,,,,,,,,,,,,,,,,,,,
净利润,702146742.60,646177941.21,701387524.60,688139405.01,848367152.33,746754876.79,675336464.07,599526234.99,515947894.40,354265151.12,619307683.16,426925229.02,481541808.65,490459152.41,403516147.32,460517094.31,482015769.39,433215450.99,126259311.55,,,0.0
少数股东权益,0,0,0,0,0,0,0,0,0,0,0,78814371.95,3868285.27,5783386.58,-330571.50,-157449.75,0,0,0,,,0.0
未确认的投资损失,0,0,0,0,0,0,0,0,0,0,0,0,0,0,0,0,0,0,0,,,0.0
资产减值准备,16173034.46,59920534.24,-23552091.11,11025794.72,19501075.20,19563939.13,7642505.56,11489221.48,8991760.95,2962343.01,5065038.94,2603279.23,10832600.18,1752308.61,60528319.12,224180.80,642124.27,-20234.03,-312148.30,,,0.0
固定资产折旧、油气资产折耗、生产性物资折旧,470765938.32,480639818.77,377740036.06,237737944.87,265634057.59,218436623.07,224907257.11,211808937.12,195630806.25,188689558.89,262997024.27,218926289.91,90802121.15,55844947.29,49773589.52,68963637.40,66524943.92,27939664.65,9033972.53,,,0.0
无形资产摊销,682628011.79,569104091.89,423960144.11,290077632.04,257320529.62,224470783.57,200026129.88,176960238.77,141963377.77,105488576.14,24325728.48,11935164.09,3185913.57,3150325.69,2986674.36,2986674.36,2986674.36,4922832.72,995558.12,,,0.0
长期待摊费用摊销,7947800.64,8577759.20,23731345.47,16383974.31,7657329.25,7573020.29,5226749.06,5270097.48,4021898.53,3575655.80,2556900.41,1285910.11,430391.38,712486.06,615509.00,671136.00,1305436.68,0,0,,,0.0
待摊费用的减少,0,0,0,0,0,0,0,0,0,0,0,-2356693.98,-298149.71,88845.82,-126561.21,-31032.51,451574.84,0,0,,,0.0
预提费用的增加,0,0,0,0,0,0,0,0,0,0,0,1638995.92,-6945993.12,-3110926.35,-906572.97,-4956917.72,15953283.95,0,0,,,0.0
处置固定资产、无形资产和其他长期资产的损失,-30290111.85,2350376.02,-1665247.85,78686308.40,904469.75,-76039804.20,2385217.53,5655480.88,3727925.55,854899.54,4091939.95,4370321.51,144038.58,30267.96,862303.41,-99277.50,-92837.20,0,-83983.10,,,0.0
固定资产报废损失,1538090.20,31307.51,44835.87,8185.00,25601031.46,19757.87,1857982.43,90324.96,25955.90,0,524108.90,707969.66,523027.79,356979.44,0,0,81773.04,179268.94,33796.61,,,0.0
公允价值变动损失,32809560.84,21768658.30,-31587816.40,-23844075.77,401703.95,-797260.45,3748182.50,3105817.27,-679630.24,13031413.04,7957718.87,0,0,0,0,0,0,0,0,,,0.0
递延收益增加（减：减少）,0,0,0,0,0,0,0,0,0,0,0,0,0,0,0,0,0,0,0,,,0.0
预计负债,0,0,0,0,0,0,0,0,0,0,0,0,0,0,0,0,0,0,0,,,0.0
财务费用,911655767.95,753934569.70,551313477.43,552615897.89,390080148.43,280869677.70,270771899.81,204472312.68,188140739.83,211657073.35,119903293.91,148733095.75,116547388.51,54376755.41,4376548.42,22819623.81,-12832583.18,-27576305.01,1019447.06,,,0.0
投资损失,-199614411.99,-310401380.15,-129536902.48,-317373447.65,-299879156.58,-39861627.34,15144875.69,-2624620.53,14944144.95,-28236491.14,-222935521.85,-104646444.64,-135276439.90,-77748182.29,-14105135.07,-24706835.41,-31533728.74,-19903580.00,0,,,0.0
递延所得税资产减少,-101718599.72,-14510662.34,-2165084.42,-8746108.93,-14707743.62,-12362124.68,2595175.50,-4876065.02,-1891335.94,-1977187.76,1728530.17,0,0,0,0,0,0,0,0,,,0.0
递延所得税负债增加,102843437.82,13563375.24,9522905.41,-3127417.30,7856418.11,9385567.75,-228456.68,1392523.45,1543866.65,-425737.66,1394372.60,0,0,0,0,0,0,0,0,,,0.0
存货的减少,112818114.39,1996620888.55,-262804788.42,-726677969.56,-451573662.65,-1721050652.31,99838983.53,-988793329.44,-239892609.77,-257184671.65,-34803645.57,-4019918.21,-13261769.82,-9816421.42,286826.00,462546.89,130849.00,313958.68,-910452.37,,,0.0
经营性应收项目的减少,-1356189223.35,-1893052521.23,-437476813.52,-883104784.30,-991299875.87,1478128879.49,-601557607.04,-239486844.91,-967348461.65,-451547281.07,-197087786.69,90988355.00,-22611930.29,-30976292.70,-1481652.77,-5277212.46,4358025.44,-17685632.94,7109017.21,,,0.0
经营性应付项目的增加,864641971.56,1036137517.57,-159461365.59,276737288.06,281525396.44,-1074102183.45,-381040615.69,689433069.86,961910753.81,207904982.49,120951294.91,33231272.53,31666150.65,53341394.54,6899994.83,-3716776.52,-40716417.91,12697144.38,2171062.72,,,0.0
已完工尚未结算款的减少(减:增加),0,0,0,0,0,0,0,0,0,0,0,0,0,0,0,0,0,0,0,,,0.0
已结算尚未完工款的增加(减:减少),0,0,0,0,0,0,0,0,0,0,0,0,0,0,0,0,0,0,0,,,0.0
其他,271101809.42,-412668904.36,-32724893.43,153396022.68,-240490261.88,4574625.80,4615127.68,-19484599.82,0,0,0,0,0,0,0,0,810000.00,0,0,,,0.0
经营活动产生现金流量净额,2489257933.08,2958193370.12,1006725265.73,341934649.47,106898611.53,65564099.03,531269870.94,653938799.22,827037086.99,349058284.10,715976680.46,909137197.85,561147442.89,544245027.05,512895418.46,517699391.70,490084887.86,414082568.38,145315582.03,,,0.0
债务转为资本,0,0,0,0,0,0,0,0,0,0,0,0,0,0,0,0,0,0,0,,,0.0
一年内到期的可转换公司债券,0,0,0,0,0,0,0,0,0,0,0,0,0,0,0,0,0,0,0,,,0.0
融资租入固定资产,0,0,0,0,0,0,0,0,0,0,0,0,0,0,0,0,0,0,0,,,0.0
现金的期末余额,3847106158.27,2688556529.83,3814209360.14,3155123239.50,3007780299.98,2321055382.55,3131770559.89,2036304447.57,2333646828.67,2115446717.02,2050730201.34,1161287711.32,1439263343.44,1103504608.08,653458516.24,1446441502.49,1910765542.15,1709418115.26,169959713.61,,,0.0
现金的期初余额,2688556529.83,3814209360.14,3426382293.88,3007780299.98,2321055382.55,3131770559.89,2036304447.57,2333646828.67,2115446717.02,2050730201.34,1067221396.52,1439263343.44,1103504608.08,653458516.24,1446441502.49,1910765542.15,1709418115.26,169959713.61,30967495.98,,,0.0
现金等价物的期末余额,0,0,0,0,0,0,0,0,0,0,0,-70262500.00,-70262500.00,-70262500.00,0,0,0,0,0,,,0.0
现金等价物的期初余额,0,0,0,0,0,0,0,0,0,0,0,-70262500.00,-70262500.00,0,0,0,0,0,0,,,0.0
现金及现金等价物的净增加额,1158549628.44,-1125652830.31,387827066.26,147342939.52,686724917.43,-810715177.34,1095466112.32,-297342381.10,218200111.65,64716515.68,983508804.82,-277975632.12,335758735.36,379783591.84,-792982986.25,-464324039.66,201347426.89,1539458401.65,138992217.63,,,0.0
单位,元,元,元,元,元,元,元,元,元,元,元,元,元,元,元,元,元,元,元,元,元,
一、营业总收入,9285468447.99,7912040561.96,7061493505.98,5589383248.03,4230653565.52,3382924612.87,3538376656.61,3036660750.59,2637920577.25,1734291719.56,1410654119.30,1139862897.54,482661295.49,323502775.84,234932288.71,207494583.61,177748031.04,166320964.00,161538129.11,171424749.17,166655300.10,0.0
营业收入,9285468447.99,7912040561.96,7061493505.98,5589383248.03,4230653565.52,3382924612.87,3538376656.61,3036660750.59,2637920577.25,1734291719.56,1410654119.30,1099979699.36,470901466.13,312746016.77,234204638.71,203190368.40,177748031.04,166320964.00,161538129.11,171424749.17,166655300.10,0.0
二、营业总成本,8767470957.22,7527429087.20,6516073597.52,5168235181.39,3772901929.07,2803702122.79,2904438565.36,2551201884.69,2233516014.54,1581556642.32,1245755629.53,1028538434.35,514584663.26,303532951.63,193428783.02,174286073.00,172469149.02,98047261.25,115011850.77,112354030.36,118635011.88,0.0
营业成本,6369991916.41,5305693725.75,4780647260.16,3874572763.61,2550858876.09,1907622425.03,2024446963.97,1806718784.53,1610134821.71,1005679094.73,801866548.85,622369653.34,214724434.72,96482568.00,67719090.39,49569394.87,68005376.95,41051255.00,40241811.19,36698147.15,36656966.61,0.0
营业税金及附加,126457510.32,110381090.28,96450958.03,86013142.91,127532923.83,77835053.87,97473047.42,54482457.92,50577774.77,15408822.54,10010132.32,7821853.47,-11542939.31,13658583.42,11324269.29,11341165.36,9700016.78,9033900.97,8784280.08,9313895.93,9031274.13,0.0
销售费用,60201428.84,44717177.54,50111554.92,43449624.42,67819768.57,48987543.32,51608640.48,49453408.96,43518954.70,34224813.56,30296737.63,32165971.14,32386387.01,31969791.94,27633232.36,19592639.13,21024196.57,19452157.75,20252305.43,19453168.70,23668463.74,0.0
管理费用,1282991299.24,1252781989.69,1061102438.09,600557957.84,617109136.95,468823483.74,452495508.12,424585699.12,332151962.58,311624495.13,278613877.88,217447860.65,162469392.33,107045252.86,82375642.56,70963249.83,86572141.90,58456162.84,41789038.99,36429483.62,37180199.75,0.0
财务费用,911655767.95,753934569.70,551313477.43,552615897.89,390080148.43,280869677.70,270771899.81,204472312.68,188140739.83,211657073.35,119903293.91,148733095.75,116547388.51,54376755.41,4376548.42,22819623.81,-12832583.18,-30028095.01,3942567.08,10457622.40,12108922.84,0.0
资产减值损失,16173034.46,59920534.24,-23552091.11,11025794.72,19501075.20,19563939.13,7642505.56,11489221.48,8991760.95,2962343.01,5065038.94,0,0,0,0,0,0,81879.70,1848.00,1712.56,-10815.19,0.0
公允价值变动收益,-32809560.84,-21768658.30,31587816.40,23844075.77,-401703.95,797260.45,-3748182.50,-3105817.27,679630.24,-13031413.04,-7957718.87,0,0,0,0,0,0,0,0,0,0,0.0
投资收益,199614411.99,310401380.15,129536902.48,317373447.65,299879156.58,39861627.34,-15144875.69,2624620.53,-14944144.95,28236491.14,222935521.85,104646444.64,133732373.33,77506082.29,-46394864.93,24706835.41,30875828.74,17451790.00,82129.23,0,0,0.0
其中:对联营企业和合营企业的投资收益,135068846.71,106630838.35,-6646438.75,20752578.30,-3586848.48,40511463.56,-23428483.32,-47011701.21,-44315426.45,10209473.87,39349409.61,0,0,0,0,0,0,0,0,0,0,0.0
汇兑收益,0,0,0,0,0,0,0,0,0,0,0,0,0,0,0,0,0,0,0,0,0,0.0
三、营业利润,1009175076.43,673244196.61,706544627.34,762365590.06,757229089.08,619881377.87,615045033.06,484977669.16,390140048.00,167940155.34,379876292.75,522648779.61,526989005.56,521945966.50,418758840.76,465711346.02,486154710.76,445807372.45,406608407.57,419070718.81,48020288.22,0.0
加:营业外收入,15935940.54,284265425.26,229216362.73,198616262.74,379523184.46,319204381.61,242643149.06,271421195.05,278639804.00,277556224.58,304059391.32,1160590.35,1964880.46,517671.22,624870.66,528920.15,437280.30,1950323.83,526971.23,1139182.87,798541.89,0.0
减：营业外支出,53228968.14,8783104.52,11885823.47,89025566.93,43180802.37,6355338.07,12045992.25,14630531.51,8895531.59,11926003.49,8055709.63,6136424.89,2653905.92,967961.31,1367968.20,1101646.20,977188.86,208622.20,81366.45,209937.43,595372.15,0.0
其中：非流动资产处置损失,0,3564334.34,2125528.31,78993164.57,26585916.85,913101.94,4337441.99,5953287.11,3889196.82,1303635.90,4820531.82,0,0,0,0,0,0,0,0,0,0,0.0
四、利润总额,971882048.83,948726517.35,923875166.60,871956285.87,1093571471.17,932730421.41,845642189.87,741768332.70,659884320.41,433570376.43,675879974.44,517672945.07,526299980.10,521495676.41,418015743.22,465138619.97,485614802.20,447549074.08,407054012.35,419999964.25,48223457.96,0.0
减：所得税费用,269735306.23,302548576.14,222487642.00,183816880.86,245204318.84,185975544.62,170305725.80,142242097.71,143936426.01,79305225.31,56572291.28,11933344.10,40889886.18,25253137.42,14830167.40,4778975.41,3599032.81,28923853.11,15425424.98,19865779.73,15898100.36,0.0
五、净利润,702146742.60,646177941.21,701387524.60,688139405.01,848367152.33,746754876.79,675336464.07,599526234.99,515947894.40,354265151.12,619307683.16,505739600.97,485410093.92,496242538.99,403185575.82,460359644.56,482015769.39,418625220.97,391628587.37,400134184.52,32325357.60,0.0
归属于母公司所有者的净利润,612008806.52,610888929.66,536253358.92,610232359.70,601265458.02,581308910.90,522871175.06,482668446.77,447453914.49,260852899.74,510301851.35,426925229.02,481541808.65,490459152.41,403516147.32,460517094.31,482015769.39,418625220.97,391628587.37,400134184.52,32325357.60,0.0
少数股东损益,90137936.08,35289011.55,165134165.68,77907045.31,247101694.31,165445965.89,152465289.01,116857788.22,68493979.91,93412251.38,109005831.81,78814371.95,3868285.27,5783386.58,-330571.50,-157449.75,0,0,0,0,0,0.0
六、每股收益,,,,,,,,,,,,,,,,,,,,,,
基本每股收益(元/股),0.127000,0.126700,0.224100,0.277400,0.273300,0.264200,0.237700,0.219400,0.203400,0.118600,0.232000,0,0,0,0,0,0,0,0,0,0,0.0
稀释每股收益(元/股),0.127000,0.126700,0.224100,0.277400,0.273300,0.264200,0.237700,0.219400,0,0.118600,0.230000,0,0,0,0,0,0,0,0,0,0,0.0
七、其他综合收益,196877610.37,-22005696.81,-376433538.06,-120966021.97,118523246.03,17525925.48,23285370.63,11116948.09,4916073.26,0,0,0,0,0,0,0,0,0,0,0,0,0.0
八、综合收益总额,899024352.97,624172244.40,324953986.54,567173383.04,966890398.36,764280802.27,698621834.70,610643183.08,520863967.66,0,0,0,0,0,0,0,0,0,0,0,0,0.0
归属于母公司所有者的综合收益总额,809017547.41,533756680.81,218608647.28,489052092.19,719868322.32,598573691.47,546175873.82,494040041.63,453372513.83,0,0,0,0,0,0,0,0,0,0,0,0,0.0
归属于少数股东的综合收益总额,90006805.56,90415563.59,106345339.26,78121290.85,247022076.04,165707110.80,152445960.88,116603141.45,67491453.83,0,0,0,0,0,0,0,0,0,0,0,0,0.0
